<?xml version="1.0" encoding="UTF-8"?>
<project-private xmlns="http://www.netbeans.org/ns/project-private/1">
    <editor-bookmarks xmlns="http://www.netbeans.org/ns/editor-bookmarks/2" lastBookmarkId="0"/>
    <open-files xmlns="http://www.netbeans.org/ns/projectui-open-files/2">
        <group>
            <file>file:/C:/Users/BURTO/OneDrive/Jefferson%20Community%20College/Spring%202020/Advanced%20Programming/Labs/Lab%2011/Lab11/storeFile.txt</file>
            <file>file:/C:/Users/BURTO/OneDrive/Jefferson%20Community%20College/Spring%202020/Advanced%20Programming/Labs/Lab%2011/Lab11/src/lab11/Lab11.java</file>
            <file>file:/C:/Users/BURTO/OneDrive/Jefferson%20Community%20College/Spring%202020/Advanced%20Programming/Labs/Lab%2011/Lab11/src/lab11/Customer.java</file>
            <file>file:/C:/Users/BURTO/OneDrive/Jefferson%20Community%20College/Spring%202020/Advanced%20Programming/Labs/Lab%2011/Lab11/pieFile.txt</file>
            <file>file:/C:/Users/BURTO/OneDrive/Jefferson%20Community%20College/Spring%202020/Advanced%20Programming/Labs/Lab%2011/Lab11/src/lab11/Pie.java</file>
        </group>
    </open-files>
</project-private>
