<?xml version="1.0" encoding="UTF-8"?>
<project-private xmlns="http://www.netbeans.org/ns/project-private/1">
    <editor-bookmarks xmlns="http://www.netbeans.org/ns/editor-bookmarks/2" lastBookmarkId="0"/>
    <open-files xmlns="http://www.netbeans.org/ns/projectui-open-files/2">
        <group>
            <file>file:/C:/Users/BURTO/OneDrive/Jefferson%20Community%20College/Spring%202020/Advanced%20Programming/Labs/Lab%209/Lab09/src/lab09/TaxPayer.java</file>
            <file>file:/C:/Users/BURTO/OneDrive/Jefferson%20Community%20College/Spring%202020/Advanced%20Programming/Labs/Lab%209/Lab09/taxRateFile.txt</file>
            <file>file:/C:/Users/BURTO/OneDrive/Jefferson%20Community%20College/Spring%202020/Advanced%20Programming/Labs/Lab%209/Lab09/testFile.txt</file>
            <file>file:/C:/Users/BURTO/OneDrive/Jefferson%20Community%20College/Spring%202020/Advanced%20Programming/Labs/Lab%209/Lab09/src/lab09/Lab09.java</file>
        </group>
    </open-files>
</project-private>
