<?xml version="1.0" encoding="UTF-8"?>
<project-private xmlns="http://www.netbeans.org/ns/project-private/1">
    <editor-bookmarks xmlns="http://www.netbeans.org/ns/editor-bookmarks/2" lastBookmarkId="0"/>
    <open-files xmlns="http://www.netbeans.org/ns/projectui-open-files/2">
        <group>
            <file>file:/C:/Users/BURTO/OneDrive/Jefferson%20Community%20College/Spring%202020/Advanced%20Programming/Labs/Lab%2010/Lab10/reorderLog.txt</file>
            <file>file:/C:/Users/BURTO/OneDrive/Jefferson%20Community%20College/Spring%202020/Advanced%20Programming/Labs/Lab%2010/Lab10/src/lab10/Lab10.java</file>
            <file>file:/C:/Users/BURTO/OneDrive/Jefferson%20Community%20College/Spring%202020/Advanced%20Programming/Labs/Lab%2010/Lab10/saleRecordFile.txt</file>
            <file>file:/C:/Users/BURTO/OneDrive/Jefferson%20Community%20College/Spring%202020/Advanced%20Programming/Labs/Lab%2010/Lab10/src/lab10/InventoryRecord.java</file>
            <file>file:/C:/Users/BURTO/OneDrive/Jefferson%20Community%20College/Spring%202020/Advanced%20Programming/Labs/Lab%2010/Lab10/src/lab10/SaleRecord.java</file>
            <file>file:/C:/Users/BURTO/OneDrive/Jefferson%20Community%20College/Spring%202020/Advanced%20Programming/Labs/Lab%2010/Lab10/inventoryRecordFile.txt</file>
        </group>
    </open-files>
</project-private>
