<?xml version="1.0" encoding="UTF-8"?>
<project-private xmlns="http://www.netbeans.org/ns/project-private/1">
    <editor-bookmarks xmlns="http://www.netbeans.org/ns/editor-bookmarks/2" lastBookmarkId="0"/>
    <open-files xmlns="http://www.netbeans.org/ns/projectui-open-files/2">
        <group>
            <file>file:/C:/Users/BURTO/OneDrive/Jefferson%20Community%20College/Spring%202020/Advanced%20Programming/Labs/Lab%208/Lab08/productFile.txt</file>
            <file>file:/C:/Users/BURTO/OneDrive/Jefferson%20Community%20College/Spring%202020/Advanced%20Programming/Labs/Lab%208/Lab08/src/lab08/Lab08.java</file>
        </group>
    </open-files>
</project-private>
